Apple 아이폰 13 256GB [자급제],"1,181,169원",https://cr.shopping.naver.com/adcr.nhn?x=S8%2FdtmOULSGcwkAKFhphdP%2F%2F%2Fw%3D%3DsOAmEC8ZTHRe4NR%2BdMgb4hA1jA3w6Gfi0ALjFClBNF71WQE1WikGGRjsm7ORTamZ7d%2BvBjestaMs8q1yNEON2TJuOykARraw4QONmZn8w%2B7%2FMkC0rc8KjUdBmsqhexBCpgPBu6%2ByGnUa3Rlfwj9J3%2BUPg%2F6PYJW9LpCSumzPJoiiI9aZyW4hhCgmcrsQhWGWG%2FjBmTqA4xW4sMIcltjwt3PKAXVfyDB1yTbVYYpYzcFnUHxlEatbmVq7jmztE%2Fyws3W31SQS4h%2BbEWs1qxEvNeFdolifxmpZPCrqqDCSb8ztVXemfpmeX70wC2wQT5nyi5pxiwDZPU40LYzhHX%2FcRv%2F9YJl0jrD8cYcgpKmX2jg%2BzaLo3YojXuQJMvdaZ%2BI%2Fy%2F0X8gFBBhr6rnnTk5Nq2rKILc1t2XjGv9C4AO%2BQtVfyxyTNOpvF5JKAAUscSxRXpjrModG8ApvyDh2g%2Bv61QBw8fGnfSmUm6vWXYDFIsx9ZD%2FkFMO4s7sTx4sbc7XXXQvaOjGxMtdSZf0nL3LrxHbHFjUHd40Zic732D1GeQyXdPwCXFJiRdosf3os3K%2FWn1U%2FuAgJ7ih5fml5fvbhI0vL7%2F3FeN1gsvsjKNr4LkJUtvU2Y6hEEwGxc1AZfON9sL4VRAH%2BsMDObarUodGweR8Q%3D%3D&nvMid=29029192591&catId=50001519
Apple 아이폰 13 미니 128GB [자급제],"912,230원",https://cr.shopping.naver.com/adcr.nhn?x=viBVL0jMgvag%2BavGlDMjWv%2F%2F%2Fw%3D%3DsE9SmR1xbC0QgJHX3HguHEteRER6N3X5wiRptIyGSyb1hJz9H0Ub4KLvuVTVtNMxMIfOEXeaD1u2oUxTXy8Q6yfLdo1%2BQ%2B6Jy6fV6VZKvCLsjup%2FpD5BQNmRjOX0qzTTq50BYV82PrR4AtXXsTAfV7Mi30QtKP1mA7BYZPpxeJLexWvZfe2todmJfmpbNrXnq2drsUEzev9hA0cDt%2BuxFM7ix7jXt7MNVc9AIu4EfDZlNEwRr%2B3STfYHGn%2FB5b3e43E0sA5r%2Bu%2FvW7lZycB5uIIJB1Jr6BKJ51K9Y5JBbccPL%2Fowdnq7%2Fmfq67OVRzok0S5SJNLgIdS1XFCtZ5GETGCQJcxyL5DQoLOeNkEWy565oKCCrHNKTQTNT32sYCXsdG1fUqIZ7CTqeNBeEUiuIjcEQVh0qf8pZRyhf%2FIAYClQulMSXmodDptJZCDmbU%2FWS8S21Oey7jc5pxS8BquOSqAPzQvOQpktRn2nqaAl90Bi9lbCAHUgYx7U3V2HOvd43o64ifB9DVeZ8ffla9GlFdoKIAsQVXFAfjzv%2FNA7NsKofKLDDzDEBHrp%2BUC86Xdjsjr%2Fvhuz%2FM2bOeEg7k3nONRBhRjOEguoGUgy2wf4cWdL0UbNk5di1V8jUMbmtHii%2FBq7h9PA5SrIXrcWPClBGWw%3D%3D&nvMid=29030650586&catId=50001519
Apple 아이폰 13 프로 128GB [자급제],"1,269,675원",https://cr.shopping.naver.com/adcr.nhn?x=EqqetEx7v3EREHScWH8LO%2F%2F%2F%2Fw%3D%3DsA1a1zbKQOYUugW0Y46mxuOAQ6WnfAQQ%2BNMUeeUsBlAxWQE1WikGGRjsm7ORTamZ7lsFX%2FG2VmL2w4srv9UkswpuOykARraw4QONmZn8w%2B7%2FMkC0rc8KjUdBmsqhexBCpgPBu6%2ByGnUa3Rlfwj9J3%2BUPg%2F6PYJW9LpCSumzPJoiiI9aZyW4hhCgmcrsQhWGWGwdrQOP9pRsgL9Xzjs9Fyk%2FKAXVfyDB1yTbVYYpYzcFnUHxlEatbmVq7jmztE%2Fyws3W31SQS4h%2BbEWs1qxEvNeFdolifxmpZPCrqqDCSb8ztVXemfpmeX70wC2wQT5nyi5pxiwDZPU40LYzhHX%2FcRv8QRMbE61Sqt48UGYI9oG3ezaLo3YojXuQJMvdaZ%2BI%2Fy%2F0X8gFBBhr6rnnTk5Nq2rJ4gJbX7D6ZbjiIWslg5d%2FOxyTNOpvF5JKAAUscSxRXpjrModG8ApvyDh2g%2Bv61QB9OgHh8GcAU6YAPLqcCMdFAN%2FOXq06xFLlMCwNDQObjPLcqEhOiscytOptfh0D9%2BAjrgZfv0j%2FV6X%2FhxIs9IJMg0kkR1DUdpVZLHZFgNYBwrv4YGjJCSIW1IvBxXT1wG97eLm0rAKp0Ia0bjIQIhu%2FRvU2Y6hEEwGxc1AZfON9sL4VRAH%2BsMDObarUodGweR8Q%3D%3D&nvMid=29030420587&catId=50001519
Apple 아이폰 13 128GB [자급제],"1,045,900원",https://cr.shopping.naver.com/adcr.nhn?x=rgOuNCAbwtpdw%2BtdEf2nO%2F%2F%2F%2Fw%3D%3Dsq24NwaeMueAgYnbCYXapgq3ws%2BNCQGiiRjhgVJ22MrIbsBKbbjTB%2BBCjsLv6tz%2BjjHMxwdzZLIh8L9Ldr6WxTd%2FeWQHCRtVDY1oN4SKb8yP1A4XfwDgwLZaghFh6pAhXjtZTdZG01UY9ATpg8t%2FGxUgAn8lD2%2BxrgblrBqYwPdWug%2B9sjA7rHdeMLkY%2BwIMUMRx4KxbEWu5oJE2qAkkLfzQZD6UDT51Dg8nNb9lI8fV%2BFLPJmN7kd5F0maTGsL0c9b1iWmObppI1DV4z%2Fh7uvwJxnmcrmkd7g%2FavIO1GJUjffisv5tHfoGFh7RH%2BtSaOAFJNLWxG%2Fj2gEfGb7GroeOM6VSFwfdO2YZpTVRIzX1zskvqX7Do6FoC1nBMKutqB6nYt0P5vFdgOY0ddt5wMGTX5lDi1Sv0MRqgp2usA78yxSXoBuXI6Jal8phfbB0yQQ5NpxzD%2BGh1Qsf3DjaBN7nFZfc7Gb23Hm30B6kBkz44PVL%2B%2Frl5PLPXtI0kaP8PkmKdeEMdUbtmzDI4Aa7HQcfJrkaB6hKSIXe1tqH8R56tEdtEWdJdiuuVXyvcQxlyTQh2atsvoh%2FQ2HnQRxYfioPzBhAeFCG8p1pPZDfy7yPADfkLIyuldBS3f8m8e6nLmzUhNzs2VE%2B%2Bisqs3JAEppg%3D%3D&nvMid=29030374587&catId=50001519
Apple 아이폰 13 프로 256GB [자급제],"1,430,400원",https://cr.shopping.naver.com/adcr.nhn?x=lP5TMjlj5IkjGka0c%2B5OK%2F%2F%2F%2Fw%3D%3DsopFKedBV58bw5GVCPI4UMMsbocj0u%2BKaHvGJ16O68wRWQE1WikGGRjsm7ORTamZ75rPzCSKH4LiY3Omocbs%2BqZuOykARraw4QONmZn8w%2B7%2FMkC0rc8KjUdBmsqhexBCpgPBu6%2ByGnUa3Rlfwj9J3%2BUPg%2F6PYJW9LpCSumzPJoiiI9aZyW4hhCgmcrsQhWGWGObEszBFb2RlRYVOgd6veGfKAXVfyDB1yTbVYYpYzcFnUHxlEatbmVq7jmztE%2Fyws3W31SQS4h%2BbEWs1qxEvNeFdolifxmpZPCrqqDCSb8ztVXemfpmeX70wC2wQT5nyi5pxiwDZPU40LYzhHX%2FcRv1HNnngyuKVrCZzMsGaJ%2FWezaLo3YojXuQJMvdaZ%2BI%2Fy%2F0X8gFBBhr6rnnTk5Nq2rJ24sVh73dZKkK1VM45lPiexyTNOpvF5JKAAUscSxRXpjrModG8ApvyDh2g%2Bv61QB3kI42hxPR0ucLHkciJlTSwN%2FOXq06xFLlMCwNDQObjPLcqEhOiscytOptfh0D9%2BArMM84esnWiB1TTvb56l6EA54H36Pe28aoXH35gJrr5Mv4YGjJCSIW1IvBxXT1wG93WK%2By22ftwq7%2FEqX7yh6rdvU2Y6hEEwGxc1AZfON9sL4VRAH%2BsMDObarUodGweR8Q%3D%3D&nvMid=29030492586&catId=50001519
Apple 아이폰 13 미니 256GB [자급제],"1,046,700원",https://cr.shopping.naver.com/adcr.nhn?x=%2BFBRAsMKIw6qp83ihClyR%2F%2F%2F%2Fw%3D%3DsZ5nJ0tsdDT1BQqbDyoiFvDXzvZ11VJRNktMOH8Er4KsXfmlaZeQqomjdtI9e3qsm4xtXPkl5556V2%2BoIz8N4hLINe7LFsqW%2FV4DaR%2FLYbs4QHo9WxD4W4gmD9L0fAZaHL0RhTCoJVIGcrTDKj7B4asOmY27ZGze0Q%2BtXRlM4OxtFSICBvI1ATDFN58yC%2Fe2x6Waal7xaUfVhpIb5KtxtzMdAmfSN83ChOoIPfneWzCavS7fnn7TEzbGYEdK0Stlz9Jzi%2F51DJBLbCf8TGhgb8TPDpGIrabitp2up06DaRfi54J8UO7LDGXdPU9Do8oyMXmq0wb8nQ9S1CNyVqQgAyIpx8Z%2BKYHiBG%2B5WpJQ3u7BQvCL0vjT7BDyew%2BppTYv%2B42C%2Fc7qRTevQOFdP2Clgn26BfBptys0g9fSyyh10ap1LXcv9Az4Jm6rquko58j6DsqLykQuGh01ylIDtEDoqxqDKRyWzRbWfsIBl5SPfQ8zlE80KNwbfNxekQsGJejRksTXhzeKkynwlV5iG42bUw7aikrK58ic6bYB7Uvfzi5%2BwkiQ%2Bq2gcRBsilWxtBMP575%2FUPHB4Y%2BkjP%2F3y4YkJ98i1qkPKC3QLqh7oOWfVtPVXc50eBITwugSNPH3Ok09sVpGw61BSdoQRvEGgfFlc5w%3D%3D&nvMid=29030437590&catId=50001519
Apple 아이폰 13 프로 512GB [자급제],"1,672,000원",https://cr.shopping.naver.com/adcr.nhn?x=sgFlivoJB8ruvEmFcYjXuf%2F%2F%2Fw%3D%3Ds1WZnKZQEVB69pl7U2Wihm0W3S7R2g%2BEFzqGISl1pKkRhJz9H0Ub4KLvuVTVtNMxMCnppc4eXUPsGmYNx2peuxfLdo1%2BQ%2B6Jy6fV6VZKvCLsjup%2FpD5BQNmRjOX0qzTTq50BYV82PrR4AtXXsTAfV7Mi30QtKP1mA7BYZPpxeJLexWvZfe2todmJfmpbNrXnqlDPFdx1sLuYHxlc7aw3L%2Brix7jXt7MNVc9AIu4EfDZlNEwRr%2B3STfYHGn%2FB5b3e43E0sA5r%2Bu%2FvW7lZycB5uIIJB1Jr6BKJ51K9Y5JBbccPL%2Fowdnq7%2Fmfq67OVRzok0S5SJNLgIdS1XFCtZ5GETGN%2B5RnT7QWSYfYBtO91BDnx1e64%2Bxq2BhT2J3aNN%2FwB9G1fUqIZ7CTqeNBeEUiuIjYfw941QdVDAJgGOr1W58tAulMSXmodDptJZCDmbU%2FWS8S21Oey7jc5pxS8BquOSqIVAz54hgDuEicDpht8sAUoJ6z4tlOGyZW9YfP2%2B8HiIo64ifB9DVeZ8ffla9GlFdkau6L%2F43f%2BCanYOOWYcxj0A40I04AnY2TrlFm64CxcDEs8cFUTVf2EXpmSuc9bAhLaP443VDyPmem6EAhmk%2F4ja5bSY0T1s0lMURSOlWdDHQdAiJdwXirBRdnaxfvrBbw%3D%3D&nvMid=29030416587&catId=50001519
Apple 아이폰 13 프로 맥스 256GB [자급제],"1,564,800원",https://cr.shopping.naver.com/adcr.nhn?x=%2FUo%2BDDOeR%2BwQre4ECMEpQ%2F%2F%2F%2Fw%3D%3Dsd%2FBB16O%2FP4CmfLj8BqR%2BfVzA7FSP260QOi4y8iV9BnlWQE1WikGGRjsm7ORTamZ7s9UVwWjzVvdDiFeJAVHTO5uOykARraw4QONmZn8w%2B7%2FMkC0rc8KjUdBmsqhexBCpgPBu6%2ByGnUa3Rlfwj9J3%2BUPg%2F6PYJW9LpCSumzPJoiiI9aZyW4hhCgmcrsQhWGWGGRvm2iC%2BAsbJBoGpPZJZjPKAXVfyDB1yTbVYYpYzcFnUHxlEatbmVq7jmztE%2Fyws3W31SQS4h%2BbEWs1qxEvNeFdolifxmpZPCrqqDCSb8ztVXemfpmeX70wC2wQT5nyi5pxiwDZPU40LYzhHX%2FcRv4L6QFZ6vZCuEQQRQaKm7SazaLo3YojXuQJMvdaZ%2BI%2Fy%2F0X8gFBBhr6rnnTk5Nq2rLq5iTBKqC%2FBsiQBTPymWNKxyTNOpvF5JKAAUscSxRXpjrModG8ApvyDh2g%2Bv61QB9KPcVZ%2FKrjPa0MWs5Dn6qRqpfOOatAYSzY40VOcDwBMJQ7%2B%2B64EKB%2FCwjrIJoRho4XoysiikCT6LGJBRVNoil68jywGF58oAd1O3goInQLXDWrhHEcp0p%2F%2FKKziu53PdHYpwR8cJful46T08JittLWBIAFojp%2Fq5nFfch23kNRXDhLBwu%2FFQS5xWYf5w6G3jQ%3D%3D&nvMid=29030294588&catId=50001519
Apple 아이폰 13 프로 맥스 128GB [자급제],"1,430,400원",https://cr.shopping.naver.com/adcr.nhn?x=yBTLcohDuHOsqE%2Fy9951TP%2F%2F%2Fw%3D%3DsvCE4nK9WJ1tzba7bISvPRhYPqek0Ox79vKGSLeG%2BkdBhJz9H0Ub4KLvuVTVtNMxMSuvZKVrUSH%2FzWSz43mnz4PLdo1%2BQ%2B6Jy6fV6VZKvCLsjup%2FpD5BQNmRjOX0qzTTq50BYV82PrR4AtXXsTAfV7Mi30QtKP1mA7BYZPpxeJLexWvZfe2todmJfmpbNrXnqnCfUWv5T09LdwRr0l79u4rix7jXt7MNVc9AIu4EfDZlNEwRr%2B3STfYHGn%2FB5b3e43E0sA5r%2Bu%2FvW7lZycB5uIIJB1Jr6BKJ51K9Y5JBbccPL%2Fowdnq7%2Fmfq67OVRzok0S5SJNLgIdS1XFCtZ5GETGB%2BmSTxgRNJqJz5RvRzuQqvuk92w7aVpQhDh3G3J2z2uG1fUqIZ7CTqeNBeEUiuIjXL4IO%2BkwXhFGD2xRZg%2Bqv4ulMSXmodDptJZCDmbU%2FWS8S21Oey7jc5pxS8BquOSqB9aPs60XaAs0yLnBVw2nhql326wx%2BOBi%2FHvmYYoH8Jf9SbZ8hVfDg%2BwZ4LZfMdEL35vCOPi8KsZBIq4UovLs%2FwSmNdDrdFh%2BleUMDqXVrtI71tqtWQablf%2F77SlIExh51PX9FXH%2F33ot8iU6YDev6R2pHPBclH0cexB0EBs6wnGzY6of2Xpggjm6A4Z8HgJhg%3D%3D&nvMid=29030367587&catId=50001519
Apple 아이폰 13 미니 512GB [자급제],"1,306,008원",https://cr.shopping.naver.com/adcr.nhn?x=8QYYRwFHZ8DCoAWJvPVgMP%2F%2F%2Fw%3D%3DswBhxAKjvFqgerrtR%2B5Xd46mkJ6NfCTcu4%2FvMklG6NjphJz9H0Ub4KLvuVTVtNMxMeDIHRBCM3QSg9zWf7R6u8%2FLdo1%2BQ%2B6Jy6fV6VZKvCLsjup%2FpD5BQNmRjOX0qzTTq50BYV82PrR4AtXXsTAfV7Mi30QtKP1mA7BYZPpxeJLexWvZfe2todmJfmpbNrXnqsbuGkiliGuKFQrhO3KCkYbix7jXt7MNVc9AIu4EfDZlNEwRr%2B3STfYHGn%2FB5b3e43E0sA5r%2Bu%2FvW7lZycB5uIIJB1Jr6BKJ51K9Y5JBbccPL%2Fowdnq7%2Fmfq67OVRzok0S5SJNLgIdS1XFCtZ5GETGGX2Kuk2ST1EpT%2B%2FVTVGHcZtJphQBHk6ArjkfIoV%2FnSvG1fUqIZ7CTqeNBeEUiuIjU35k1puV%2FE2Ux9D8qfyuf4ulMSXmodDptJZCDmbU%2FWS8S21Oey7jc5pxS8BquOSqGl51FcFJ1Bcg0CVGK8K%2BzEJ6z4tlOGyZW9YfP2%2B8HiIo64ifB9DVeZ8ffla9GlFdq%2BeysSX3ii%2BnAERbU8njHF2iSLeLpkf2IjRo7YpZyMvEs8cFUTVf2EXpmSuc9bAhKljQhyBnqPYIdr4%2FVdhy%2FDywMHXW8XWUdOkZdVjLEQ5HRyPBWbUFRhWScTsgQynPg%3D%3D&nvMid=29030296587&catId=50001519
Apple 아이폰 13 512GB [자급제],"1,440,000원",https://cr.shopping.naver.com/adcr.nhn?x=2XKnWSpKUWX01Dz3FccWQP%2F%2F%2Fw%3D%3Dsy6Zp7QlZrUnrb0qu%2FW77ONsY785PqM0CI76GfEeWQ8tWQE1WikGGRjsm7ORTamZ7BNY8694%2Boy0yAcM0j1kUFpuOykARraw4QONmZn8w%2B7%2FMkC0rc8KjUdBmsqhexBCpgPBu6%2ByGnUa3Rlfwj9J3%2BUPg%2F6PYJW9LpCSumzPJoiiI9aZyW4hhCgmcrsQhWGWGqtvtxFCaSmTZmhdr9drUvvKAXVfyDB1yTbVYYpYzcFnUHxlEatbmVq7jmztE%2Fyws3W31SQS4h%2BbEWs1qxEvNeFdolifxmpZPCrqqDCSb8ztVXemfpmeX70wC2wQT5nyi5pxiwDZPU40LYzhHX%2FcRvzJGXZ5Qx2DXWNfyaM2CttqzaLo3YojXuQJMvdaZ%2BI%2Fy%2F0X8gFBBhr6rnnTk5Nq2rIQI7IaXMjuBu8F1ydz8QfixyTNOpvF5JKAAUscSxRXpjrModG8ApvyDh2g%2Bv61QB9TucHVvar8FC7tcnmzfZfJD%2FkFMO4s7sTx4sbc7XXXQvaOjGxMtdSZf0nL3LrxHbCEC7wy7W5XcCyoOTTyBxwlPwCXFJiRdosf3os3K%2FWn1xSY5Bk7Q6%2FFabp%2Fuzl%2BG6HF4BNKYhqzZJCknlpOgi7rNjqh%2FZemCCOboDhnweAmG&nvMid=29030496586&catId=50001519
Apple 아이폰 13 미니 256GB [LG U+],"388,600원",https://cr.shopping.naver.com/adcr.nhn?x=D70P9STzCPqOn2qtQBTHrv%2F%2F%2Fw%3D%3DsjU3nLeWwkP6H2edNvzwVrI3mH0KOD4jhJMiKarmtxBRhJz9H0Ub4KLvuVTVtNMxMXEt0sCUnsOmh3oY46tSMRfLdo1%2BQ%2B6Jy6fV6VZKvCLsjup%2FpD5BQNmRjOX0qzTTq50BYV82PrR4AtXXsTAfV7Mi30QtKP1mA7BYZPpxeJLexWvZfe2todmJfmpbNrXnq7r8%2BMjx%2B1KQXJkem2XwtE7ix7jXt7MNVc9AIu4EfDZlNEwRr%2B3STfYHGn%2FB5b3e43E0sA5r%2Bu%2FvW7lZycB5uIIJB1Jr6BKJ51K9Y5JBbccPL%2Fowdnq7%2Fmfq67OVRzok0S5SJNLgIdS1XFCtZ5GETGJZQwwqHE3Jaq9im9yemlBF1e64%2Bxq2BhT2J3aNN%2FwB9H7RUU7G7711p3Of%2B6gz7p9VYLmgndq6p4MJj8PONg0EulMSXmodDptJZCDmbU%2FWS8S21Oey7jc5pxS8BquOSqMl4EIe2oh1wmuXBteybzOaU7u6s4eGvcC%2BQhLTFP7rmSZv9Z3vZVGXYiyeb1%2FD5s1HeXDsXOW59p3S9zgjkL8nPV%2Bt40iEVioYVcpCAgzfO14pTEpxhJPPzspURjBnEFoufL%2F3ZpTCQmk8THk5iHn1WhZ3SMHTcLlpircdRzUgq1JIslBmdxaTx7xO1%2BPPoWw%3D%3D&nvMid=29030376589&catId=50000248
Apple 아이폰 13 프로 1TB [자급제],"1,928,500원",https://cr.shopping.naver.com/adcr.nhn?x=DZlZ9BG%2BEVVtan2n4oVDVv%2F%2F%2Fw%3D%3DsTfregRi5PUJrQts4EqbNCz1QMnT5r38MZlMUBwYG7opWQE1WikGGRjsm7ORTamZ7KI48AMOTM58NP%2BWDGkMT%2FpuOykARraw4QONmZn8w%2B7%2FMkC0rc8KjUdBmsqhexBCpgPBu6%2ByGnUa3Rlfwj9J3%2BUPg%2F6PYJW9LpCSumzPJoiiI9aZyW4hhCgmcrsQhWGWG4P666JAigMTzVZ%2Bn3tMVP%2FKAXVfyDB1yTbVYYpYzcFnUHxlEatbmVq7jmztE%2Fyws3W31SQS4h%2BbEWs1qxEvNeFdolifxmpZPCrqqDCSb8ztVXemfpmeX70wC2wQT5nyi5pxiwDZPU40LYzhHX%2FcRv5kkpWPzAfM%2BCgBe58jlUjCzaLo3YojXuQJMvdaZ%2BI%2Fy%2F0X8gFBBhr6rnnTk5Nq2rBncKaMhjSfTIcx0wfCOJd2xyTNOpvF5JKAAUscSxRXpjrModG8ApvyDh2g%2Bv61QB4hhUHSIqUSzlwwt5cSI9Il1I8EDCh5n2RBrPUf%2BYM4BX8a%2FHvPOPEuDd1Ce%2FzZYNZ9Uc3toZtz7ip%2B0sHDPwbZERG7ZRn8xnGCTF3Q5eSJXhTj8Nm2pwYInjXfttSFW1Xssc0fwPdCKuuhFdlOlBXFWhZ3SMHTcLlpircdRzUgq1JIslBmdxaTx7xO1%2BPPoWw%3D%3D&nvMid=29029192588&catId=50001519
Apple 아이폰 13 프로 맥스 512GB [자급제],"1,824,000원",https://cr.shopping.naver.com/adcr.nhn?x=IBqSK9BkTyMtVkUuzZEpaP%2F%2F%2Fw%3D%3DscaxIsNEU7kKtYpze%2BCZlWyrl%2Bj5q2ACwx8MYynIn4c9hJz9H0Ub4KLvuVTVtNMxMg9xY3laygf4cinrBYXHOe%2FLdo1%2BQ%2B6Jy6fV6VZKvCLsjup%2FpD5BQNmRjOX0qzTTq50BYV82PrR4AtXXsTAfV7Mi30QtKP1mA7BYZPpxeJLexWvZfe2todmJfmpbNrXnqmD3tRrdK1cFWEMxpF2wcAbix7jXt7MNVc9AIu4EfDZlNEwRr%2B3STfYHGn%2FB5b3e43E0sA5r%2Bu%2FvW7lZycB5uIIJB1Jr6BKJ51K9Y5JBbccPL%2Fowdnq7%2Fmfq67OVRzok0S5SJNLgIdS1XFCtZ5GETGOEAoA0XUsMiqQuJGIVaYRKQlKoTW7oBR5S4e5%2FFeRPiG1fUqIZ7CTqeNBeEUiuIjZF%2B%2B2dzosjzgwdsP5nFqxIulMSXmodDptJZCDmbU%2FWS8S21Oey7jc5pxS8BquOSqB9aPs60XaAs0yLnBVw2nhpAR40EqO338lSSXzQsZ%2FsL9SbZ8hVfDg%2BwZ4LZfMdEL35vCOPi8KsZBIq4UovLs%2FxSMyouUGFRp4icRAR9qlDI71tqtWQablf%2F77SlIExh5yKZIaE0ybgcRP2r06dlBVUv6eLi%2BpBrCWJSXVx1SFnExyAhEKTy%2B0Zvtn8oYxIR0Q%3D%3D&nvMid=29029192586&catId=50001519
Apple 아이폰 13 미니 128GB [LG U+],"256,600원",https://cr.shopping.naver.com/adcr.nhn?x=EUy4UCAU4Rbh1dQfISpWu%2F%2F%2F%2Fw%3D%3Dsfl55MXHWM0OS5iS71xDStp9Wo0tz2ROQu2ntOunKwYwbsBKbbjTB%2BBCjsLv6tz%2BjlbAkftmLP3%2B5dKmWvYH4u0H15XWtXd6itxRIhTIiwav1A4XfwDgwLZaghFh6pAhXjtZTdZG01UY9ATpg8t%2FGxUgAn8lD2%2BxrgblrBqYwPdWug%2B9sjA7rHdeMLkY%2BwIMU7xzpl%2BlOYhq%2F8o1%2FuLVZdjQZD6UDT51Dg8nNb9lI8fV%2BFLPJmN7kd5F0maTGsL0c9b1iWmObppI1DV4z%2Fh7uvwJxnmcrmkd7g%2FavIO1GJUjffisv5tHfoGFh7RH%2BtSaOAFJNLWxG%2Fj2gEfGb7GroeNmQLgdLG5CO%2FLNylRliYN53%2BP%2BwgsGZzty7odoKK7t9XDWTeRReOiaoO3w1jY%2BQmijnWovIxkqBB7sQ6jnxG2OAQ%2BNIqlmjXmDKTrrOSU2AQ5NpxzD%2BGh1Qsf3DjaBN7nDk%2FkbHZxyMzTBpfIN1hTPvGpo6ArrCGHLKJVoN1s%2F78jR8gVF8FlQ9pItE8Zzc8qI6kkCnpqooor0J8Qky2jRhzqWtQzOyrSFP6mRqfVh0%2BgtF15PMkmjkNDmi88yMRaVU3XGl5tX7DEMIYQy4uiL0UbNk5di1V8jUMbmtHii%2FBq7h9PA5SrIXrcWPClBGWw%3D%3D&nvMid=29030431586&catId=50000248
Apple 아이폰 13 프로 128GB [LG U+],"565,900원",https://cr.shopping.naver.com/adcr.nhn?x=511vXgk4t6Q60lc1puLB7v%2F%2F%2Fw%3D%3DsaUoos5reIlcziewJrtBaNM%2Bf%2B53JpkBxmD6iVz5UKGlWQE1WikGGRjsm7ORTamZ7xkQZ17LZG4I2vCHG4Or4ypuOykARraw4QONmZn8w%2B7%2FMkC0rc8KjUdBmsqhexBCpgPBu6%2ByGnUa3Rlfwj9J3%2BUPg%2F6PYJW9LpCSumzPJoiiI9aZyW4hhCgmcrsQhWGWGApy8PrPjYBxKiSuGBOs3i%2FKAXVfyDB1yTbVYYpYzcFnUHxlEatbmVq7jmztE%2Fyws3W31SQS4h%2BbEWs1qxEvNeFdolifxmpZPCrqqDCSb8ztVXemfpmeX70wC2wQT5nyi5pxiwDZPU40LYzhHX%2FcRv4MtaSw8rtVTF7OddFxy3hWzaLo3YojXuQJMvdaZ%2BI%2FyLqWgWd0hjfnomE3vy2MrU9zjt%2FDSzRMNvby671TOnHmxyTNOpvF5JKAAUscSxRXpjrModG8ApvyDh2g%2Bv61QB9OgHh8GcAU6YAPLqcCMdFD%2FzaVgfXndF2fkBs0qzZTvfpF8bfclcJjAeddKIqLqoEv7F5G%2BTf2%2BH9p6EE8quW%2BhYZ%2FhI%2FkN84je6k%2F%2BbfyXlG7Pc%2F2144WbRF8YblGZ4h0%2FOLXoy%2F18DwdGKwTxEy%2Fke%2FVP%2BgM94BPZkP5YJ%2Bex&nvMid=29030175590&catId=50000248
Apple 아이폰 13 프로 256GB [LG U+],"794,000원",https://cr.shopping.naver.com/adcr.nhn?x=j48eMkL%2BpyIOJDzL0stPMv%2F%2F%2Fw%3D%3Dsl%2B%2FQoMaikwadTUHHngQxpULFe7Nj4MgnfMKUiUD51csbsBKbbjTB%2BBCjsLv6tz%2BjDyXcOMUy%2Bfz4bl2nCs6JXenh4LDbE8Q%2FqHRB9EyBGhz1A4XfwDgwLZaghFh6pAhXjtZTdZG01UY9ATpg8t%2FGxUgAn8lD2%2BxrgblrBqYwPdWug%2B9sjA7rHdeMLkY%2BwIMUMJUr%2Fr5heP7x50dYzAAW6TQZD6UDT51Dg8nNb9lI8fV%2BFLPJmN7kd5F0maTGsL0c9b1iWmObppI1DV4z%2Fh7uvwJxnmcrmkd7g%2FavIO1GJUjffisv5tHfoGFh7RH%2BtSaOAFJNLWxG%2Fj2gEfGb7GroeFyxKT0t68wlS0FtS3MlRQaWdyMPaNh%2BNkafORvYGW5tXDWTeRReOiaoO3w1jY%2BQmoPzJdSGWBt3WJVMEW2Iq0aAQ%2BNIqlmjXmDKTrrOSU2AQ5NpxzD%2BGh1Qsf3DjaBN7lca8pJnVAllZ%2FEl77tED7QUK8v2WSSGg1nP3KC3hzty8jR8gVF8FlQ9pItE8Zzc8t%2BNm%2BgROoVcKSaeIQmi4hiarSmsTXP47mFyOF1sJiwM%2BgtF15PMkmjkNDmi88yMRV%2BA2cA7L2aG%2FuhL7AI4wEH0UbNk5di1V8jUMbmtHii%2FBq7h9PA5SrIXrcWPClBGWw%3D%3D&nvMid=29030415586&catId=50000248
Apple 아이폰 13 128GB [LG U+],"397,000원",https://cr.shopping.naver.com/adcr.nhn?x=d7Lc12nFLoZEuoQXjuj8Tf%2F%2F%2Fw%3D%3Ds1IhvbyAtOTC7kSNzjYyFlpQk3EJrlHFDQW5hKxcFLFYbsBKbbjTB%2BBCjsLv6tz%2Bjtx%2Fx6%2FIYVzMRYe95mZz3soUu8u2WqZCfybVMEGul3Kn1A4XfwDgwLZaghFh6pAhXjtZTdZG01UY9ATpg8t%2FGxUgAn8lD2%2BxrgblrBqYwPdWug%2B9sjA7rHdeMLkY%2BwIMUFmk%2BqOAYZ5fpO5tbZSUWBjQZD6UDT51Dg8nNb9lI8fV%2BFLPJmN7kd5F0maTGsL0c9b1iWmObppI1DV4z%2Fh7uvwJxnmcrmkd7g%2FavIO1GJUjffisv5tHfoGFh7RH%2BtSaOAFJNLWxG%2Fj2gEfGb7GroePZy1%2F7aioXQzRPRaYfX1%2FMSdGdkhwyANn5IJYFJooXKXDWTeRReOiaoO3w1jY%2BQmjriRLaqN7kmgMSxzuN0QjGAQ%2BNIqlmjXmDKTrrOSU2AQ5NpxzD%2BGh1Qsf3DjaBN7nFZfc7Gb23Hm30B6kBkz47pLKfV7lHXkGfYNhWiUOPtINRw1QNF%2FOPJXb5%2B358LYJ7YmRgo3w7jydUW%2F6yvjnDvW2q1ZBpuV%2F%2FvtKUgTGHnLPgZS2Cidwe52oAEpJ9mdlyntZSoON9EVMPiwWPnea%2FHICEQpPL7Rm%2B2fyhjEhHR&nvMid=29030372586&catId=50000248
Apple 아이폰 13 프로 맥스 1TB [자급제],"2,170,000원",https://cr.shopping.naver.com/adcr.nhn?x=lpM9KrppxhkrivW7nLe4oP%2F%2F%2Fw%3D%3DsA6%2Fxs4%2FU21nux1aJ8OjTRAkuqmZwLEA1NJZBiFaAS5hhJz9H0Ub4KLvuVTVtNMxM79WNlg3EUvZlGhfRF6ZLXPLdo1%2BQ%2B6Jy6fV6VZKvCLsjup%2FpD5BQNmRjOX0qzTTq50BYV82PrR4AtXXsTAfV7Mi30QtKP1mA7BYZPpxeJLexWvZfe2todmJfmpbNrXnqArgGaDBKbEfnwAwTC02FZ7ix7jXt7MNVc9AIu4EfDZlNEwRr%2B3STfYHGn%2FB5b3e43E0sA5r%2Bu%2FvW7lZycB5uIIJB1Jr6BKJ51K9Y5JBbccPL%2Fowdnq7%2Fmfq67OVRzok0S5SJNLgIdS1XFCtZ5GETGBoBpmWjPbSo8azAokuGqOaQlKoTW7oBR5S4e5%2FFeRPiG1fUqIZ7CTqeNBeEUiuIjaAB8uIYu9siF3ut%2BuyVuCsulMSXmodDptJZCDmbU%2FWS8S21Oey7jc5pxS8BquOSqB9aPs60XaAs0yLnBVw2nhoFlY2PJxmXo%2FLApBw6QUOlmWXdAuntmcqbOFOk%2BQxKwTsYpWArfrP4OWQG6aF6ItgiSbpuUU04kADWhEE4%2BClnramjBwCZI9AwCV4mCTWQmURgB%2BNkUMVeyLB8OAKL4JWAtEfgAT%2Fh80EVb%2FlxqU%2BVaGimR4pR27mrh1IoDTOSgA%3D%3D&nvMid=29029192590&catId=50001519
Apple 아이폰 13 256GB [LG U+],"543,200원",https://cr.shopping.naver.com/adcr.nhn?x=%2FlR%2B%2FlLcaLltOpSYUPsS0%2F%2F%2F%2Fw%3D%3DsC1zrrfSi8PJUFU3SSEwqDsKsDZEzig%2BoVu0MzFQgD2hhJz9H0Ub4KLvuVTVtNMxMc07THOaJmdV6f9hh5q4Jk%2FLdo1%2BQ%2B6Jy6fV6VZKvCLsjup%2FpD5BQNmRjOX0qzTTq50BYV82PrR4AtXXsTAfV7Mi30QtKP1mA7BYZPpxeJLexWvZfe2todmJfmpbNrXnqxxsm%2FS7PvYrIy2gc0Hbz67ix7jXt7MNVc9AIu4EfDZlNEwRr%2B3STfYHGn%2FB5b3e43E0sA5r%2Bu%2FvW7lZycB5uIIJB1Jr6BKJ51K9Y5JBbccPL%2Fowdnq7%2Fmfq67OVRzok0S5SJNLgIdS1XFCtZ5GETGAkmcJeIbLdEdd%2BgidYQ83Puk92w7aVpQhDh3G3J2z2uH7RUU7G7711p3Of%2B6gz7p713cJ4NW1nSkyJcKwH1bPgulMSXmodDptJZCDmbU%2FWS8S21Oey7jc5pxS8BquOSqCUKEIof2Vcv8M3kurMkjBL5YbLlxragaaIQX6kJDBj8D6QkZjCZcMNTR4jeTmX45T7YoCQASHINUXjZRmuIKk0NauEcRynSn%2F8orOK7nc90Jgj669RkppLn9n1l9X44g5Xmb8KektvMzG1PKrZtI9jLVWGr8fvvH1mWvUgXPK6j&nvMid=29030189588&catId=50000248
Apple 아이폰 13 프로 맥스 256GB [LG U+],"933,400원",https://cr.shopping.naver.com/adcr.nhn?x=1P6%2F01VEeI6kX%2FcGUvh%2Bh%2F%2F%2F%2Fw%3D%3DsxAdday3k2qjyQz1bYM9Sh0F5HjqUyomvJUqKuDaMxcBhJz9H0Ub4KLvuVTVtNMxMpSzG8Coc8kjN%2Fx5VBB672%2FLdo1%2BQ%2B6Jy6fV6VZKvCLsjup%2FpD5BQNmRjOX0qzTTq50BYV82PrR4AtXXsTAfV7Mi30QtKP1mA7BYZPpxeJLexWvZfe2todmJfmpbNrXnqXLTN90WNo2bfYUnKxvyYpLix7jXt7MNVc9AIu4EfDZlNEwRr%2B3STfYHGn%2FB5b3e43E0sA5r%2Bu%2FvW7lZycB5uIIJB1Jr6BKJ51K9Y5JBbccPL%2Fowdnq7%2Fmfq67OVRzok0S5SJNLgIdS1XFCtZ5GETGESjvSmD5rZHZeaxQPCqyPgncNvTLYFqI8oCr%2FwqYPU9H7RUU7G7711p3Of%2B6gz7p3o0Uokf0xPBHG5gB8v%2F5PoulMSXmodDptJZCDmbU%2FWS8S21Oey7jc5pxS8BquOSqB9aPs60XaAs0yLnBVw2nhpOY84wQDkAD0jlsBG9SPwymlPajaisdEHNdTMLgTpRZhjq0%2F6db1IzRS1vt1JNKovHXTTu5hPPfNrf%2FC%2FcZHeaYnHIcETcJifOE8sb44IMxaA5ErlUPpTZSz9Z8XQObhHp8YceNaEv%2FLfai%2FO3AWiTDhLBwu%2FFQS5xWYf5w6G3jQ%3D%3D&nvMid=29030190586&catId=50000248
Apple 아이폰 13 프로 맥스 128GB [LG U+],"806,400원",https://cr.shopping.naver.com/adcr.nhn?x=qFVtohtWZOM7Zglm%2BQ0ss%2F%2F%2F%2Fw%3D%3DsYcDOhMUg6klStozgdlgD2rWcuYJA%2BT%2BdNzAMHJHWXIwbsBKbbjTB%2BBCjsLv6tz%2BjpBCkzDjjs7zg5xskYCY0EG3fy4wZzPbv0iL8epx4RpX1A4XfwDgwLZaghFh6pAhXjtZTdZG01UY9ATpg8t%2FGxUgAn8lD2%2BxrgblrBqYwPdWug%2B9sjA7rHdeMLkY%2BwIMUD6bSGd4rwDk3qyUDgUSRJzQZD6UDT51Dg8nNb9lI8fV%2BFLPJmN7kd5F0maTGsL0c9b1iWmObppI1DV4z%2Fh7uvwJxnmcrmkd7g%2FavIO1GJUjffisv5tHfoGFh7RH%2BtSaOAFJNLWxG%2Fj2gEfGb7GroeBNGmgPc4HycSWI0F7je3jFUsSf%2FUZujU5f1Z0g33mJmXDWTeRReOiaoO3w1jY%2BQmq2mkY7Il9GOxvXj5va1%2B4OAQ%2BNIqlmjXmDKTrrOSU2AQ5NpxzD%2BGh1Qsf3DjaBN7lca8pJnVAllZ%2FEl77tED7QgvzkkCqZohVEEbyPUxjbQGclVz%2FDAcedT3HbTBbbLwStrndW%2Fn2cGD1NJ%2Fsy3znW4V4%2FXVhS3x%2FLgDJLcHOzGramjBwCZI9AwCV4mCTWQmb7jhwdjHHAIYQszfYz8aEbIxNUmpHqxydkH8RK8Hxk1aGimR4pR27mrh1IoDTOSgA%3D%3D&nvMid=29030352586&catId=50000248
Apple 아이폰 13 미니 512GB [LG U+],"683,000원",https://cr.shopping.naver.com/adcr.nhn?x=qxf8wUMnp7HR4bnTslWRr%2F%2F%2F%2Fw%3D%3DsYVv%2FwIwyu%2Bs58e2VCXbX3%2F%2FnsauLYSRZeMH4E925ByZWQE1WikGGRjsm7ORTamZ7b0DQzKvr6kidQ6Q%2B8wLOiZuOykARraw4QONmZn8w%2B7%2FMkC0rc8KjUdBmsqhexBCpgPBu6%2ByGnUa3Rlfwj9J3%2BUPg%2F6PYJW9LpCSumzPJoiiI9aZyW4hhCgmcrsQhWGWGXCy5AzzvlVMr8iZpAmv1CfKAXVfyDB1yTbVYYpYzcFnUHxlEatbmVq7jmztE%2Fyws3W31SQS4h%2BbEWs1qxEvNeFdolifxmpZPCrqqDCSb8ztVXemfpmeX70wC2wQT5nyi5pxiwDZPU40LYzhHX%2FcRvwO8uDSomvA6DBt0qDyJVzizaLo3YojXuQJMvdaZ%2BI%2FyLqWgWd0hjfnomE3vy2MrU5%2FJ5ckX0Yhr5doMgrI1uG2xyTNOpvF5JKAAUscSxRXpjrModG8ApvyDh2g%2Bv61QBxc4Kvpygo5zVB8uYEvhv97%2FzaVgfXndF2fkBs0qzZTvfpF8bfclcJjAeddKIqLqoEtFm3%2BG3OQfNaxekco4wRuhYZ%2FhI%2FkN84je6k%2F%2BbfyXE6rhtaOG8XYJZp7l049LI8Uo%2Fli28tRNsfGfKoSh%2FF7ke%2FVP%2BgM94BPZkP5YJ%2Bex&nvMid=29030419586&catId=50000248
Apple 아이폰 13 프로 512GB [LG U+],"1,083,400원",https://cr.shopping.naver.com/adcr.nhn?x=fg7dyOyZ1dyWZGeKA%2BmD%2Fv%2F%2F%2Fw%3D%3DsR86Co58HQUGCFtc%2ByRg5hsgHVSN6BX05zAcuETeYbRthJz9H0Ub4KLvuVTVtNMxMDM83gSDd%2F4mTdqJT45AlyvLdo1%2BQ%2B6Jy6fV6VZKvCLsjup%2FpD5BQNmRjOX0qzTTq50BYV82PrR4AtXXsTAfV7Mi30QtKP1mA7BYZPpxeJLexWvZfe2todmJfmpbNrXnqIsGCGgJXjOrApw75v82D8rix7jXt7MNVc9AIu4EfDZlNEwRr%2B3STfYHGn%2FB5b3e43E0sA5r%2Bu%2FvW7lZycB5uIIJB1Jr6BKJ51K9Y5JBbccPL%2Fowdnq7%2Fmfq67OVRzok0S5SJNLgIdS1XFCtZ5GETGIiUxl4asUfMI4sByfVzfdud6PbPnc9RLVNJQhjAPciPH7RUU7G7711p3Of%2B6gz7p0C5RVBVQK1Mqs%2B%2FLApbVJ0ulMSXmodDptJZCDmbU%2FWS8S21Oey7jc5pxS8BquOSqIVAz54hgDuEicDpht8sAUo2jlmQ9NlHBgdsAwMWaovqSZv9Z3vZVGXYiyeb1%2FD5syoDyWbDq%2F1hu3q5LkMqXECiw5JXT1LH5nVofN2IyPhPj%2FaM5nVf1rOXk0fVU4woWwdCNCu%2FX2sgSW%2B%2BcX8KLqxvU2Y6hEEwGxc1AZfON9sL4VRAH%2BsMDObarUodGweR8Q%3D%3D&nvMid=29030295586&catId=50000248
Apple 아이폰 13 프로 맥스 512GB [LG U+],"1,470,200원",https://cr.shopping.naver.com/adcr.nhn?x=oKnou30Asr%2Fyxx0EEQ0B4f%2F%2F%2Fw%3D%3DsDyfBYnV5Yy9Ni2JCdkIXuJT2vjBOGz6BsLzKLISZlVlWQE1WikGGRjsm7ORTamZ7xC949QxD0Y8c%2FjvsmWiJkZuOykARraw4QONmZn8w%2B7%2FMkC0rc8KjUdBmsqhexBCpgPBu6%2ByGnUa3Rlfwj9J3%2BUPg%2F6PYJW9LpCSumzPJoiiI9aZyW4hhCgmcrsQhWGWGu52btaJn1DX5MN1%2BFeF7CPKAXVfyDB1yTbVYYpYzcFnUHxlEatbmVq7jmztE%2Fyws3W31SQS4h%2BbEWs1qxEvNeFdolifxmpZPCrqqDCSb8ztVXemfpmeX70wC2wQT5nyi5pxiwDZPU40LYzhHX%2FcRv5nPQBkk29WW1BNnVjWZFMmzaLo3YojXuQJMvdaZ%2BI%2FyLqWgWd0hjfnomE3vy2MrU1aAA9GEK3cx5mWoXN9vaRWxyTNOpvF5JKAAUscSxRXpjrModG8ApvyDh2g%2Bv61QB9KPcVZ%2FKrjPa0MWs5Dn6qQShByR6lx4fZu6dlciio5Ho64ifB9DVeZ8ffla9GlFdiLk77kdC0XH1c6tkDsTmCVNSTtBXBEww7tQ3%2BakgOEmEs8cFUTVf2EXpmSuc9bAhPVSNilRCLrI5L%2BY9hg68xqT9nPZ633DewQUGwCku9z8HRyPBWbUFRhWScTsgQynPg%3D%3D&nvMid=29030181590&catId=50000248
Apple 아이폰 13 512GB [LG U+],"813,600원",https://cr.shopping.naver.com/adcr.nhn?x=3PcXwtHXrUuT0fvfBuVk5%2F%2F%2F%2Fw%3D%3DswS5GXPg%2BDwpaXtxl6pLSW6wKWEW8rqIbdsbJnqckj8IbsBKbbjTB%2BBCjsLv6tz%2BjQ1pHXdp5UQ7FStu%2BdnfzYTSiVqn1gEmP91r8%2Bl6VqPz1A4XfwDgwLZaghFh6pAhXjtZTdZG01UY9ATpg8t%2FGxUgAn8lD2%2BxrgblrBqYwPdWug%2B9sjA7rHdeMLkY%2BwIMULoBLs12Lbdpvne%2Fi0%2BJ%2FgTQZD6UDT51Dg8nNb9lI8fV%2BFLPJmN7kd5F0maTGsL0c9b1iWmObppI1DV4z%2Fh7uvwJxnmcrmkd7g%2FavIO1GJUjffisv5tHfoGFh7RH%2BtSaOAFJNLWxG%2Fj2gEfGb7GroeDd6yiZKFVwFhEH2ULssGvDHvWMmCpbiXTUmUKZtDbzjXDWTeRReOiaoO3w1jY%2BQmtR6hYdaIHQU9Sjx08P0XXaAQ%2BNIqlmjXmDKTrrOSU2AQ5NpxzD%2BGh1Qsf3DjaBN7sb3eBR%2BwvB0i3YtJJoz2fzpLKfV7lHXkGfYNhWiUOPtINRw1QNF%2FOPJXb5%2B358LYP5Yk%2BXTmoMfBehmKTAKnaLvW2q1ZBpuV%2F%2FvtKUgTGHnrpmXKJrxKr7tdwnhb40ESqukXOoJ9xwoW1oxGoQvvmDHICEQpPL7Rm%2B2fyhjEhHR&nvMid=29030296586&catId=50000248
Apple 아이폰 13 프로 1TB [LG U+],"1,597,200원",https://cr.shopping.naver.com/adcr.nhn?x=mt7szYqpVFZ3sDzrk1vx%2B%2F%2F%2F%2Fw%3D%3Ds7JVW67B%2FR9sm0JGr%2BqPkVQhVoHPaSbVTrO0pqawcLhdhJz9H0Ub4KLvuVTVtNMxMf8RZOj7%2B8zZOHhcSpeQucvLdo1%2BQ%2B6Jy6fV6VZKvCLsjup%2FpD5BQNmRjOX0qzTTq50BYV82PrR4AtXXsTAfV7Mi30QtKP1mA7BYZPpxeJLexWvZfe2todmJfmpbNrXnqXjTaYLCBU0RKnrlIKcfhorix7jXt7MNVc9AIu4EfDZlNEwRr%2B3STfYHGn%2FB5b3e43E0sA5r%2Bu%2FvW7lZycB5uIIJB1Jr6BKJ51K9Y5JBbccPL%2Fowdnq7%2Fmfq67OVRzok0S5SJNLgIdS1XFCtZ5GETGCQ2XbnCEmvG7FkCJFfwEucxi1OrPZ30CUsHWrlC3gXsH7RUU7G7711p3Of%2B6gz7p%2FY%2Fql%2F0mhQoQsenoNjDXsMulMSXmodDptJZCDmbU%2FWS8S21Oey7jc5pxS8BquOSqL7TYp%2Fq8N0dYeLWf3iUY%2FFCJ%2F0P0zUbWoKtYr5Bg%2B6rV5wvSck0MfgYLl2aZJDmmvPGf%2B%2Buebg5m%2B%2BBzkU4vtHgzAQkrZcqUZEDO5Kiy%2BdeENhIgRPMYNFcTSqPHgE9TMcClRqIiQv5qCxks5gZSKZXc50eBITwugSNPH3Ok09sVpGw61BSdoQRvEGgfFlc5w%3D%3D&nvMid=29030294586&catId=50000248
Apple 아이폰 13 프로 맥스 1TB [LG U+],"1,768,200원",https://cr.shopping.naver.com/adcr.nhn?x=vP18E8GcrhPhsgFwvdOG9f%2F%2F%2Fw%3D%3Ds2WzVbK%2FZ3Nae7Xp5HhhJTVnTykhQN4uK31X%2FjZ%2B%2BFf8bsBKbbjTB%2BBCjsLv6tz%2Bj54CJEr1hFxn9wpTbDs2UsTSiVqn1gEmP91r8%2Bl6VqPz1A4XfwDgwLZaghFh6pAhXjtZTdZG01UY9ATpg8t%2FGxUgAn8lD2%2BxrgblrBqYwPdWug%2B9sjA7rHdeMLkY%2BwIMUv%2FiyLKIYZJmYdqtV06rV7DQZD6UDT51Dg8nNb9lI8fV%2BFLPJmN7kd5F0maTGsL0c9b1iWmObppI1DV4z%2Fh7uvwJxnmcrmkd7g%2FavIO1GJUjffisv5tHfoGFh7RH%2BtSaOAFJNLWxG%2Fj2gEfGb7GroeAohdjxjPtnKsagW5ko17VzIO9V7Qyl3fG66TGYfilM9XDWTeRReOiaoO3w1jY%2BQmmtr3f12g1qSQGYtbRxcvcqxSXoBuXI6Jal8phfbB0yQQ5NpxzD%2BGh1Qsf3DjaBN7lca8pJnVAllZ%2FEl77tED7QsRi2%2BbrHWX4ymc1UmdZJdDk5yE3l1CIhgE97RznNBm0yqOQp5S6zvj2nGzC%2BV8REFC9Mb9KAKwzn2YQD2OLDODWrhHEcp0p%2F%2FKKziu53PdJHeTOWUFpXe3dC84cYJcgQtuVtbF3H9%2Fl38vtZByf2sy1Vhq%2FH77x9Zlr1IFzyuow%3D%3D&nvMid=29030181587&catId=50000248
APLLE 아이폰13 미니 128GB 미개봉 미개통 새상품,"700,230원",https://cr.shopping.naver.com/adcr.nhn?x=amzJ7bMo3eKKIvnwSFNKqv%2F%2F%2Fw%3D%3DsDW%2FD8XZ66CwpUEEwPR1qDSitYeqrhaSz2vNg38B5X71hJz9H0Ub4KLvuVTVtNMxM9ccNXeJuAeasw2ThWeC%2FZ%2FLdo1%2BQ%2B6Jy6fV6VZKvCLsjup%2FpD5BQNmRjOX0qzTTqaGqzoryIuM4jWJuOi3wrje0JZ4vKXq2xVuFay0gNbwiO%2FsdgQE5FIA0Tw1QMogpFDb3RlaPQbMNb4sRW6K1ydsEKMcxPZKkSw70SwfyDOcKVQ7CKkA1masP5KVTwojtnAjQtqEeeCzDoL8YE869QhYBsJjzV%2F3vl5Lmd9HbkUGI%2FzdYC%2FwYAihDQzAs9Z5v9VqCW%2Fi1HMtHCOIq7EoU99prozzkiBhjIH5Iu6C5qX6kdZZNZjH%2BTc1p6HDcLfXJes%2BfW5rh3hDtwb9WhaKkriiAhxaxSIZQ%2Febhg8cd5Q16DhiAEPQMKMhAEAy04%2FTl4UP%2FovdjbxchRBO5x0Xi6vc1FqQTjNw0%2FnLg9eUiVo%2B%2FE%2BCzYZNX92AemhTBxmWs2uup4Zqeoe5I%2FYLTH2KCHQbc0Sk7Og5%2FhKSpnDhh0556PBimPDZwOttZjcrwUclZ92OGi1mk%2FZqxl%2FHdPg5w2evWcJCoCv%2FD0TSvePMSxlzzLVWGr8fvvH1mWvUgXPK6j&nvMid=28956594759&catId=50001519
애플 아이폰13 미니 자급제 공기계 새제품,"880,000원",https://cr.shopping.naver.com/adcr.nhn?x=%2BZ3CQGu6EEdU3t8nyNip3%2F%2F%2F%2Fw%3D%3DshfxhgsFkRIYNycMkkB%2FR6phizy8XpSlElg2KqtKSAbFhJz9H0Ub4KLvuVTVtNMxM6vT4tcPLdBDKI%2B0NggBYSfLdo1%2BQ%2B6Jy6fV6VZKvCLsjup%2FpD5BQNmRjOX0qzTTq50BYV82PrR4AtXXsTAfV7DaSZny%2B1MgSfJG5ocTRQNj1rIvubP2%2F%2BNF2sTRY2hEVjx6Akrv8yhtGeO1b7iFQaIj6w%2Fjb8gqHOboJz%2B2VltdWEXeXwSaubPu0qUaxQfPPa%2BpHa6ewb0%2FDpcGez9%2B2Mmaf7oVVn%2BbTDsruUdhAA7tBmr%2FVp6O0zrGiGLNiDblQEfM1QRRjmjatFU2BGTrkhmxeDmVS9kP3MLsWL1Ykk4cqgJk1OQnl2T6gfCRYEK23wCvhRKdqG%2FOW6b78Zb%2B9ILxn8ognP94FYDO1tsRPhAnCQrfMmVI6TIDmaybpn5E%2B%2Fi%2FLITet4RsuFKJvGFYg9h2hB0PvPhVNmcYc5mX2ApYpv8ixw8uosKFM5WmZMCwzVSqqVofvlfXIk6QNnWzQDY%2FBvBaA%2B9UYRykn%2FNdJoF2pSLuKI8khvENnFO04Wzt90pP4qGFiQRUFuUsri9ks3VaFndIwdNwuWmKtx1HNSCrUkiyUGZ3FpPHvE7X48%2Bhb&nvMid=83563618450&catId=50001519
Apple 아이폰 13 Pro 자급제 128GB 시에라 블루,"1,282,500원",https://cr.shopping.naver.com/adcr.nhn?x=rxi3LOwzymcgsjDSM8y3Yv%2F%2F%2Fw%3D%3Ds3ovn6WnCxR9tFj%2B9OotW9%2F9umDK4IC%2BUvbFripg1ZChhJz9H0Ub4KLvuVTVtNMxMqGsFWpIAuuYSaLOLe7QQgfLdo1%2BQ%2B6Jy6fV6VZKvCLsjup%2FpD5BQNmRjOX0qzTTq50BYV82PrR4AtXXsTAfV7G3JzeXxkSdTecfUR4%2FvRQjd%2BKwjnmE8nmku4yNhWgwhmfLAARyRl0caaiEG3Q2bq388zh24s915aMpp%2Bzw2FU1fpXI1HS6zWZCVgHNwkqAnHykCBuac9iEVs3oV6P5cEqK5uUEs%2BqMGnIyvfnClDLDTBdl3f9BfNL5vkuTTg26scJJ6LzRPtKujwaQwz8Be1sOmY27ZGze0Q%2BtXRlM4OxtarJoVrbEtunAYIkKGowOqx6utPhbwdLdiAodLAM9cyRWaWYkTj7xp9KvzGz7%2BZegbV9SohnsJOp40F4RSK4iN10FIuvxQ3uUwX1RFFZhVQc3zVaNSnElUms3mYOzPgGkTFHVfVt6irmg4aToR%2FDWx6DjTvwLrS1q7o4vtjrl93WvWFoqIRceHzeX3nBMjVfbsroft%2FeakUDq92ikxDQH4D08EF1vCEEnyhODcLwsO6gehU40OBfkPJ4BpDkeLbb%2FmELFO07QEQYUyi%2Bk709RTbqhMFS4ep4UgmRViVxj0aRg7fdPcMdd%2BdwfKhCy%2BfXwDfkLIyuldBS3f8m8e6nLmzUhNzs2VE%2B%2Bisqs3JAEppg%3D%3D&nvMid=29056584214&catId=50001519
Apple 아이폰 13 Pro 자급제 256GB 실버,"1,490,000원",https://cr.shopping.naver.com/adcr.nhn?x=Bg6yI1HejRtyD9MyQhK3qP%2F%2F%2Fw%3D%3DsvzHIPV3nDBdzQSYgmM7vcB06xqMJI9QXFOC6pQhsDHBhJz9H0Ub4KLvuVTVtNMxM8tbjZjurebSTd1E1BViuufLdo1%2BQ%2B6Jy6fV6VZKvCLsjup%2FpD5BQNmRjOX0qzTTq50BYV82PrR4AtXXsTAfV7G3JzeXxkSdTecfUR4%2FvRQjd%2BKwjnmE8nmku4yNhWgwhmfLAARyRl0caaiEG3Q2bq388zh24s915aMpp%2Bzw2FU1vaFljb5qhbNgbV3tYpogQVDTwT%2B%2FDL0CAjHZnyMCb9qK5uUEs%2BqMGnIyvfnClDLBwv%2BbeyZZMxGZwq5BMG2m4cJJ6LzRPtKujwaQwz8Be1sOmY27ZGze0Q%2BtXRlM4OxtarJoVrbEtunAYIkKGowOq%2BFMssLdX3RUiYVEkowH2yxWaWYkTj7xp9KvzGz7%2BZegbV9SohnsJOp40F4RSK4iNKyxPg%2F7BMQ5DxmDj3t%2FYzc3zVaNSnElUms3mYOzPgGkTFHVfVt6irmg4aToR%2FDWx6DjTvwLrS1q7o4vtjrl93aJy6JqUtDKGVfm8rg6ZBJ1dnvoolkKVNouiKxvFitIQglPR8Q9X9C30ccSR9GXs%2BRuyCd3OcS%2FN73AD%2B546oDWGAv2xA9xguVkCJJpofd3u557FiiEZhUUeGVrmkhWexIfeI0lP90wz26Kz5%2F1K%2Bl8OEsHC78VBLnFZh%2FnDobeN&nvMid=29698384640&catId=50001519
APLLE 아이폰13 미니 128GB 미개봉 미개통 새상품,"748,900원",https://cr.shopping.naver.com/adcr.nhn?x=nEstNtoAwKzWMz8%2FwBtuaP%2F%2F%2Fw%3D%3DsbPBVqsNC7l3977yd5GJr79OfVVQGYVhdXg65LsT7iRRhJz9H0Ub4KLvuVTVtNMxMeWVYDiP2bZFUdyRa1oOnsvLdo1%2BQ%2B6Jy6fV6VZKvCLsjup%2FpD5BQNmRjOX0qzTTq50BYV82PrR4AtXXsTAfV7DaSZny%2B1MgSfJG5ocTRQNj1rIvubP2%2F%2BNF2sTRY2hEVfRZFmtUaloRNVV5A9NHw24j6w%2Fjb8gqHOboJz%2B2VltdWEXeXwSaubPu0qUaxQfPPa%2BpHa6ewb0%2FDpcGez9%2B2Mmaf7oVVn%2BbTDsruUdhAA7sp%2BzUcqyIcsxGlYOGCFweFJXDxIzGNW%2FQ80fMFWOwFeWxeDmVS9kP3MLsWL1Ykk4cJbxoHmIJzwhExt%2BrYwOW7cYS2lDLvDSWS1wT8JqGqatLH4qWVKA1Se6aWUmbBTx%2FuDqekKpPwI4M0gZ0LB5b3f6eMfbNRBuPfIk3H0UFJ64py0qbRAw24xBOhoW66GSgVjYwdnfbieIHrjXMojzIhXErT4KWfCVUzs%2FUQJSXCdJpkzhGBrAIRR0a5MmtihlXoTkiagaEqpZfvWKV5EaUUoidsrsdVEbSUyOvsvHUeBuo%2F1GSKc5iH8geNPAfO1%2BgGruH08DlKshetxY8KUEZb&nvMid=83423547850&catId=50001519
아이폰 13 자급제 128GB 핑크 MLPH3KH/A,"1,046,727원",https://cr.shopping.naver.com/adcr.nhn?x=AiY8LHaEEfoOZIU70%2FhSZv%2F%2F%2Fw%3D%3DsuukMEja91n3CAg1PaFmuztWcjAmNwH8rgZhIr1jEui9hJz9H0Ub4KLvuVTVtNMxMPaOmVRFTk2yIplydtNTOIPLdo1%2BQ%2B6Jy6fV6VZKvCLsjup%2FpD5BQNmRjOX0qzTTqaGqzoryIuM4jWJuOi3wrjSTGCD9Vz5n4ms8MDGQoS0OXy0ZyPizqqSo9HPLc4z9c4hc4ZJ3NkiIjCIDc210DIW5y7SRxszUEnl9A8PZ9w2WorYoLP33X0ay3h2id35cpW0W7fEggyYTMgSGtXVNQKgomoZ3JuPGGZGBf0mdCrQ46C6MnYCjhw80JQnqZ0PFOSACfyUPb7GuBuWsGpjA91YrHsbeStsmJBfOvK7DA6onSl8Zwr%2FLyzBC5e8aB8u%2Bg1tWEEb6U2zfX06XCNr2fnse9j9TM33g7MivnAbc9%2BICP1OO5jwRECrlD3hela%2Bc9GSc0YAJHD6aFE8ikhPJnmKsGE4uyxhKsa2R7hguA1VWaeFn8rXyFiv9xsiwVjqfn53qatoW9NoHUiS1VqtMJ3x%2FSDmxxy6ruEFXV61yu2agVrlw2wD328DWvCPdfQf8PccTD08XTi9PhsbWuNmi2FnwJeXbnU6mZaLN%2BXPYoRZzlPrLPUtiL76o0nONGT6txk7KDOPeddufk7JG%2BMl0ZRs2OqH9l6YII5ugOGfB4CYY%3D&nvMid=29609866919&catId=50001519
Apple 아이폰 13 Pro Max 자급제 256GB 실버,"1,548,500원",https://cr.shopping.naver.com/adcr.nhn?x=GaApo%2FRliQRZXRjGoX%2F4uf%2F%2F%2Fw%3D%3Dsxz8nqUZMN6XlZjJ0qr0p1ql19bxWHRpTh%2BAQ9wlfJ81hJz9H0Ub4KLvuVTVtNMxMw%2F2d%2F77Moe57sD%2FsmSxS7vLdo1%2BQ%2B6Jy6fV6VZKvCLsjup%2FpD5BQNmRjOX0qzTTq50BYV82PrR4AtXXsTAfV7G3JzeXxkSdTecfUR4%2FvRQjd%2BKwjnmE8nmku4yNhWgwhmfLAARyRl0caaiEG3Q2bq8qTzqn6P1DP1IgJ5KU6NAQtbHG0Q%2BgNOTLoTaIFsLOrowk2CDdmXVsG3WIVzsPxyKK5uUEs%2BqMGnIyvfnClDLD68whJC2gcII4oOX9E5lOvcJJ6LzRPtKujwaQwz8Be1sOmY27ZGze0Q%2BtXRlM4OxtarJoVrbEtunAYIkKGowOqtOusLHC754Vm2TAQ9h7mwxWaWYkTj7xp9KvzGz7%2BZegbV9SohnsJOp40F4RSK4iNgXVUykLVY%2F9Rg%2FWrrbf3Ys3zVaNSnElUms3mYOzPgGkTFHVfVt6irmg4aToR%2FDWxOaE99wIr1PwDwGoOwVC%2BOiRU8Ikgxd0JkZReaBsr2utz1FQpM8jlRzZb5mTawMoklEMljnycJLP3Z9ReToqwIa3B5s9UC%2Bk0JdGFxdM9dzrL07boOLwoxL6IajskM%2BfZ8c%2BaUkWxo6IjN%2FPS6IrK19VXvKEYi9sk6r5s9rrWrNPNjqh%2FZemCCOboDhnweAmG&nvMid=29477160010&catId=50001519
Apple 아이폰 13 Pro Max 자급제 256GB 시에라 블루,"1,548,500원",https://cr.shopping.naver.com/adcr.nhn?x=K45DVRINP3xnz%2F%2BK8EZmwf%2F%2F%2Fw%3D%3DsKBPULyuxPP33XyCdDe7fiHE4norW%2B3GbjXWXOZnaojgbsBKbbjTB%2BBCjsLv6tz%2Bj32mgpYfwO5%2F%2BUYUxTTwNt55YY8U2RWQexFh%2FKnMzXL31A4XfwDgwLZaghFh6pAhXjtZTdZG01UY9ATpg8t%2FGxXULJJH%2BMKqMyaVu%2BUeO3m60%2B85WmSKK5LY2dJjcChMGEH%2BAaYhDPzU3ewm5W9RQFVg48q4ovEcw99T7g4vUYeyH393UTlyXABqT5EgU5Glo2dgTh8HspehMSGgwgeXwTrS5nP%2B8vPWPfSBwfu8dRnUBmaFwUWIwp1%2BLqW%2BLHxtuG2075wQdDOu8uEIuKvmpHkPg%2F6PYJW9LpCSumzPJoigK7CtQzZWLlur1%2FFge4%2BEpvVWL1B7LoKDRyIiH43Ksqd4%2Bvx%2FdvbnVCA8wcN%2FmtA%2Fqdi3Q%2Fm8V2A5jR123nAwZ%2BIdAbFpgjjG2dhScgfVcypU11SLrDfW%2B2%2BIZH%2Fwjvuepp5UgdwAL0UHEe5a4LJbg0Zick7esLTxNeyDOrXPdEhTup4zAQuBYhQf463juUAb1iqrb1gXHL%2B%2Fk9%2Fe4YtqY43g1rObzzRIkEsLck2IVnaVkaLR7R%2FkN4ZqY%2BqfKbCcTMcT1iGUjr2Tjy5izU0eS2ZVWCwxCaZyPHBegjD0iFkEj6CHz4GyDcL4E56ZaSE99VquK2XTQn9L0J3teHdMphWw3%2BIByOa0jCVNQVnCDoA%3D%3D&nvMid=29056562163&catId=50001519
Apple 아이폰 13 자급제 128GB 블루,"1,057,300원",https://cr.shopping.naver.com/adcr.nhn?x=CUtuI9D62Cd72rIgocifWv%2F%2F%2Fw%3D%3Ds81t2eF4kOXrQj8BkpuIGwwjeur1%2FebnXXRRrRSuUHK9WQE1WikGGRjsm7ORTamZ7xcQHaHyOT%2BjD8Tw7pdo0nJuOykARraw4QONmZn8w%2B7%2FMkC0rc8KjUdBmsqhexBCpevIjYnWJBrT0Na1%2BySRE33zmYN%2Fcvl75AGnByk2TjWEm5OY6%2FBA05LWPXaqTF3xXnI3Q%2FuFm111yFJnQ1iq5B%2BLVKHEOPeUzp6G3G8y7cPNDOnpYUYxjU%2Fyaq3BbaEwsJLnKOMDqeReprYHAqWsVcnMKoQpV%2FxBo5fzRc7UtvB2hFXDSeJiky%2BJ%2F4tTuKWmiAjQtqEeeCzDoL8YE869QhYBsJjzV%2F3vl5Lmd9HbkUGI%2FzdYC%2FwYAihDQzAs9Z5v97VxeKVgUYxpNKq0UAJ3BFCCEr1xyY6GFkSu2GoxIDF3%2FRfyAUEGGvquedOTk2rasTbKYxgteX%2BwNNIohT%2Fat%2B%2FMfo3nPGqzdI1bbGwzcRzMHs7fDUF3hntINts72qVF3K0ysdZE8m5oGa9BTFgGUI24hgU4oZmF9w8GXmjM5dG3TNk2p2QegNzimsGvSNugSL3BN8jL%2BtGfQxHyezHe9f6vtUBvfoSsQPvEM6ZWUZTqI8Ux7Tujv2ZCnd6y3Xw00tbj3zQgHUNv6ZD%2BTJiY7IVaFndIwdNwuWmKtx1HNSCrUkiyUGZ3FpPHvE7X48%2Bhb&nvMid=29619782067&catId=50001519
Apple 아이폰 13 Pro 자급제 256GB 그래파이트,"1,415,500원",https://cr.shopping.naver.com/adcr.nhn?x=Pt1%2F6O1psRRBJLXtwxjOZf%2F%2F%2Fw%3D%3DsU4Emp56WISJKs04n1UDTMKaKrQUv7IxXXL5Hx3fJQW8bsBKbbjTB%2BBCjsLv6tz%2BjG0Sm%2F42RMAMBeOIeehKeWA2OBm8KFlr5H2fSC9rntnz1A4XfwDgwLZaghFh6pAhXjtZTdZG01UY9ATpg8t%2FGxXULJJH%2BMKqMyaVu%2BUeO3m60%2B85WmSKK5LY2dJjcChMGEH%2BAaYhDPzU3ewm5W9RQFSU%2Fm2xqZqjSx%2FWWVKZa%2B%2Bb95rv%2FcFG9fygKMcA5mMBkoz7VAGxzy3fICjovjdsKsrS5nP%2B8vPWPfSBwfu8dRnXCwKUVXNBrd3t5BkjXsZP2G2075wQdDOu8uEIuKvmpHkPg%2F6PYJW9LpCSumzPJoigK7CtQzZWLlur1%2FFge4%2BEp6NY99QxtMhRa%2Bn5aIHvX7OotkpYBLaVfWusGLk0INVrqdi3Q%2Fm8V2A5jR123nAwZ8J26J%2BpPvAGdiA%2FvqEdXPf2W2TTIdOkj0TQ3%2B%2BnIQb2pp5UgdwAL0UHEe5a4LJbgCKH9PYpnZ1kjNoJbF5Vny%2FvFoDIk5NMmzjnvcCefSf79UI4%2B3Cox3fCvbAVX8WVkH5LLh5eR2eS2YZ77PcGeL0UP9LPNoPM5%2BJ%2FP2Ty0%2FCODrgClekVxtSLNN1yS74gXFzHE0YOPqwnlv%2Bw%2BA6vxOvH9mKDQkRfCeQA2TuxMDhRKQoKw%2FnWkM6zKAev0t4%2FpBq7h9PA5SrIXrcWPClBGWw%3D%3D&nvMid=29491649205&catId=50001519
[카드최대10만추가할인] Apple 아이폰 13 mini 자급제 128GB,"950,000원",https://cr.shopping.naver.com/adcr.nhn?x=uWmGlW6Xgg8W8ukbbNiFIv%2F%2F%2Fw%3D%3Dstv89y%2B8ViaKQE9Oz6krCGiBe6A3eB1lIuFmEjoYl5xRhJz9H0Ub4KLvuVTVtNMxMkh3FeTaFzXVgX%2FEPF4WBiPLdo1%2BQ%2B6Jy6fV6VZKvCLsjup%2FpD5BQNmRjOX0qzTTq50BYV82PrR4AtXXsTAfV7LDXn0IDLBCgN%2FK3%2BGwmqM%2BpFjjh%2FGPU%2BK9K7OXF%2BaHk0eX6N0xSuoVW6n8HgFyAbxmS5JUiKjWe%2F%2Fxc9SwGwpRV7ZaVkmIY%2F5Rv6zOZqRdK9Bn2IgBu4vqEK7D%2Bv%2BI%2FFAI0LahHngsw6C%2FGBPOvUIWAbCY81f975eS5nfR25FBiP83WAv8GAIoQ0MwLPWeb%2FfBnKPS15xyDg49ScuULsz8elr%2FjFuw6wZIscCuBmDj%2B%2F0X8gFBBhr6rnnTk5Nq2rCWASLQi7772gg%2FNB8bKQc0pnG6P0QktuCtjT7R842NeQ6x4YQB6OtrZXfywGVrs1Z8NXobV2JX6F4JkJ%2Bfz6R0Hs7fDUF3hntINts72qVF3OmJZvzC6vjQ2etE4Mw0VKByL00nRjroJqnUD%2FR%2BraLod7zJU6Pn5aNXKMLB%2BNzDHNOW%2FYgHfVQLhvzgByU1MvBohtPjA9PZFWriSd2EhWtTUcC6%2FkIkQgp67TJlt1r7jlgIlZggk5h6tu2GCKLO%2FJstVYavx%2B%2B8fWZa9SBc8rqM%3D&nvMid=29401333286&catId=50001519
아이폰13 / 아이폰13 미니 무음카메라 홍콩 언락폰 듀얼유심 페덱스 전세계 배송,"890,000원",https://cr.shopping.naver.com/adcr.nhn?x=m5a3UlgZRDfoF7CQ5W10Rv%2F%2F%2Fw%3D%3DsFi%2FwmbSHnGN%2BvE9JXRY3ddrPEaSYnXxRUml2wqZ3QWobsBKbbjTB%2BBCjsLv6tz%2BjzwRw6MsE%2BJHdOmZRiDZ0C1wneCisjvJj5EWlE%2B2qqg31A4XfwDgwLZaghFh6pAhXjtZTdZG01UY9ATpg8t%2FGxYZYgwI2fs40XR%2FERq%2FGNyfWK4fiV391hyKbNzjTTmNItr2zq%2FJgNFR1Zsw9seC1y2eKq6fkXMqWT8JKWoUbctJYO4Am6plsaXHSO650j1yFP2tfKoQ0NQPyiad34AQ6K9%2FdVvwtcOUlbNrGLU3RUnpdaNxZPWNJbT6kBQESiJdlaXav7HW3kFVFlbVE3Jyjsf9F%2FIBQQYa%2Bq5505OTatqyRAzF68TkK7siwYwBk9YxASGvyA3Mo4deUUDeSDOc2kwdGNp7UUnJVyDnl%2BlgDl4274xjfZToDKliD0N2Q1CnUy8ztWBeKf854rgqmX2%2FIfIdMTUHzVXsrdnxHfhRLK7bMetUSJhX%2FJGdKnd5uV4%2FZbg%2B0bWYo0OkW4poRxpKHI8aCE%2Ffh2694dAUDqTCezVM7yV9egVWbx2P82Sja8l3OOV1UHF8s8y2kBuMQZJ3pQ2Usui7XCVUAgIRx6lzgSgkHb1JCsx1koOs0dyIygB2SDfi%2FoD5Tw36pMwWHV%2F8duGk562BGSHm%2F3xG%2BMu%2FwZi8GruH08DlKshetxY8KUEZb&nvMid=83409625439&catId=50001519
